<addon id="repository.skippyrepo"
       name="Skippy Repo"
       version="1.0.0" provider-name="Skippy-McSkipface">

    <extension point="xbmc.addon.repository">
        <dir>
            <version>21.2.0</version>
            <info>https://raw.githubusercontent.com/jonnypuma/repository.skippyrepo/main/addons.xml</info>
            <checksum>https://raw.githubusercontent.com/jonnypuma/repository.skippyrepo/main/addons.xml.md5</checksum>
            <datadir>https://raw.githubusercontent.com/jonnypuma/repository.skippyrepo/main/zips/</datadir>
        </dir>
    </extension>

    <extension point="xbmc.addon.metadata">
        <summary lang="en">Github repository for Skippy - Video Segment Skipper for Kodi</summary>
        <description lang="en">Installs Skippy with full metadata and visuals</description>
        <platform>all</platform>
        <icon>icon.png</icon>
        <fanart>fanart.jpg</fanart>
    </extension>
</addon>



