<?xml version='1.0' encoding='utf-8'?>
<addons>
<addon id="service.skippy" name="Skippy - Video Segment Skipper" version="1.0.0" provider-name="Skippy-McSkipface">
        
    <requires>
        <import addon="xbmc.python" version="3.0.0" />
    </requires>

    <extension point="xbmc.service" library="service.py" />

    <download>https://github.com/jonnypuma/service.skippy/releases/download/V1.0.0/service.skippy-1.0.0.zip</download>

    <extension point="xbmc.addon.metadata">
        <summary lang="en">Skippy - Video Segment Skipper</summary>
        <description lang="en">Video segment skipper for Kodi</description>
        <platform>all</platform>
        </extension>
</addon>
</addons>
