<addon id="repository.skippyrepo"
       name="Skippy Repo"
       version="1.0.0"
       provider-name="Skippy-McSkipface">

    <extension point="xbmc.addon.repository">
        <info>http://127.0.0.1:8888/repository.skippyrepo/addons.xml</info>
        <checksum>http://127.0.0.1:8888/repository.skippyrepo/addons.xml.md5</checksum>
        <datadir>http://127.0.0.1:8888/repository.skippyrepo/zips/</datadir>
    </extension>

    <extension point="xbmc.addon.metadata">
        <summary lang="en">Local repository for Skippy</summary>
        <description lang="en">Installs Skippy with full metadata and visuals</description>
        <platform>all</platform>
        <icon>icon.png</icon>
        <fanart>fanart.jpg</fanart>
    </extension>
</addon>

