<?xml version='1.0' encoding='utf-8'?>
<addons>
<addon id="repository.skippyrepo"
       name="Skippy Repo"
       version="1.0.0"
       provider-name="Skippy-McSkipface">

    <extension point="xbmc.addon.repository">
        <info>http://127.0.0.1:8888/repository.skippyrepo/addons.xml</info>
        <checksum>http://127.0.0.1:8888/repository.skippyrepo/addons.xml.md5</checksum>
        <datadir>http://127.0.0.1:8888/repository.skippyrepo/zips/</datadir>
    </extension>

    <extension point="xbmc.addon.metadata">
        <summary lang="en">Local repository for Skippy</summary>
        <description lang="en">Installs Skippy with full metadata and visuals</description>
        <platform>all</platform>
        <icon>icon.png</icon>
        <fanart>fanart.jpg</fanart>
    </extension>
</addon>
<addon id="service.skippy" name="Skippy - Video Segment Skipper" version="1.0.0" provider-name="Skippy-McSkipface">
       
    <requires>
        <import addon="xbmc.python" version="3.0.0" />
    </requires>

    <extension point="xbmc.service" library="service.py" />

    <extension point="xbmc.addon.metadata">
        <summary lang="en">Skippy is a video segment skipper which automatically detects and either autoskips or prompts to skip video segments, such as intros, recaps, and other chapters in video playback or never skips based on user preferences.</summary>
        <description lang="en">Supports both Matroska-style chapters.xml and MPlayer-style .edl files. Action Type for .edl files should be set to 4 or higher (up to 99) to avoid conflicts with Kodi's internal autoskip feature. Batch script included to change .edl file action type. Uses customizable labels to identify skip-worthy segments. Monitors playback and prompts (or skips) based on labeled metadata.</description>
        <platform>all</platform>
        <fanart>fanart.jpg</fanart>
        <icon>icon.png</icon>
        <screenshots>
            <screenshot>screenshot01.png</screenshot>
            <screenshot>screenshot02.png</screenshot>
            <screenshot>screenshot03.png</screenshot>
        </screenshots>
    </extension>
</addon>
</addons>
