<window>
  <zorder>1</zorder>
  <defaultcontrol always="true">3012</defaultcontrol>

  <animation type="WindowOpen">
    <effect type="slide" start="0,100" end="0,0" time="300" tween="quadratic" easing="out" />
    <effect type="fade" start="0" end="100" time="400" />
  </animation>

  <animation type="WindowClose">
    <effect type="slide" start="0,0" end="0,100" time="300" tween="quadratic" easing="in" />
    <effect type="fade" start="100" end="0" time="300" />
  </animation>

  <controls>
    <control type="group">
      <left>900</left>
      <top>620</top>

      <control type="image">
        <left>0</left>
        <top>0</top>
        <width>430</width>
        <height>100</height>
        <texture>white.png</texture>
        <colordiffuse>F0000000</colordiffuse>
      </control>

      <control type="image">
        <left>5</left>
        <top>13</top>
        <width>20</width>
        <height>20</height>
        <texture>icon_skip.png</texture>
      </control>

      <control type="image">
        <left>280</left>
        <top>13</top>
        <width>20</width>
        <height>20</height>
        <texture>icon_close.png</texture>
      </control>

      <control type="button" id="3012">
        <left>35</left>
        <top>10</top>
        <width>240</width>
        <height>25</height>
        <label>Skip</label>
        <onright>3013</onright>
        <font>font16</font>
        <texturefocus>button_focus_blue.png</texturefocus>
        <texturenofocus>-</texturenofocus>
        <textcolor>lightgrey</textcolor>
        <textcolorfocus>white</textcolorfocus>
        <aligny>center</aligny>
        <textoffsetx>10</textoffsetx>
      </control>

      <control type="button" id="3013">
        <left>300</left>
        <top>10</top>
        <width>80</width>
        <height>25</height>
        <label>Close</label>
        <onleft>3012</onleft>
        <font>font16</font>
        <texturefocus>button_focus_blue.png</texturefocus>
        <texturenofocus>-</texturenofocus>
        <textcolor>lightgrey</textcolor>
        <textcolorfocus>white</textcolorfocus>
        <aligny>center</aligny>
        <textoffsetx>10</textoffsetx>
      </control>

      <control type="label" id="2">
        <left>5</left>
        <top>50</top>
        <width>360</width>
        <height>20</height>
        <label>Segment ending in: $INFO[Window.Property(countdown)]</label>
        <font>font10</font>
        <textcolor>lightgrey</textcolor>
        <align>left</align>
        <visible>true</visible>
      </control>

      <control type="progress" id="3014">
        <left>5</left>
        <top>85</top>
        <width>370</width>
        <height>5</height>
        <texturebg>progress_background.png</texturebg>
        <textureleft>progress_left.png</textureleft>
        <midtexture>progress_mid.png</midtexture>
        <textureright>progress_right.png</textureright>
        <aspectratio>stretch</aspectratio>
        <orientation>horizontal</orientation>
      </control>

    </control>
  </controls>
</window>
