<addon id="repository.skippyrepo"
       name="Skippy Repo"
       version="1.0.4"
       provider-name="Skippy-McSkipface">

    <extension point="xbmc.addon.repository">
        <dir>
            <version>21.2.0</version>
            <info>https://raw.githubusercontent.com/jonnypuma/repository.skippyrepo/main/addons.xml</info>
            <checksum>https://raw.githubusercontent.com/jonnypuma/repository.skippyrepo/main/addons.xml.md5</checksum>
            <datadir zip="true">https://raw.githubusercontent.com/jonnypuma/repository.skippyrepo/main/zips/</datadir>
        </dir>
    </extension>

    <extension point="xbmc.addon.metadata">
        <summary lang="en">Github repository for Skippy - Video Segment Skipper for Kodi and companion Segment Editor</summary>
        <description lang="en">Installs Skippy, Segment Editor and other Kodi addons</description>
        <platform>all</platform>
        <assets>
            <icon>icon.png</icon>
            <fanart>fanart.png</fanart>
            <screenshot>screenshot01.png</screenshot>
            <screenshot>screenshot02.png</screenshot>
            <screenshot>screenshot03.png</screenshot>
        </assets>
    </extension>
</addon>



